mu,sigma2
8.166880270248718,2.7088482308810526
8.404878883750735,3.2793008802002466
8.008313147920486,2.554127923631502
7.170931920093563,3.068022164637314
8.518241896904923,2.4764392705948985
7.6662501634753575,1.8560917208099783
8.254370855597687,3.035592580403923
7.425661094089593,3.3394744773615077
7.8775384973574445,3.703869439558112
8.04356382334032,1.9167361633765816
7.976632751219282,2.438472517105763
7.8267597858851135,2.206089832769327
8.24812641679975,3.872327179554623
7.0928599690751035,3.605144723724916
7.5777825674162544,2.5283413729840407
6.963988743602955,3.913660800401466
7.701801894827164,3.4451236886853795
7.569119092864749,3.8569543310548777
7.3837163499195935,4.806922397701764
7.840905360762354,2.361549636081462
8.508242499393734,2.628389741968711
7.748656446362123,2.275774123090907
8.336454402508961,1.8567722931568624
8.275651744772805,2.2523400579968267
7.92415531070236,6.801249238626944
7.556148362937884,1.716843106781907
7.19796417976873,3.294302712365288
7.930026572193951,3.1026074405682267
8.136724768159889,2.5881739863761144
7.485527988272712,1.7593644424120585
7.026590121077744,2.9371420965331665
8.268495552145318,1.8799185396780473
8.665834594116578,2.9464694037485692
8.224367909758143,3.2673587115734235
8.079699175147502,2.597781859591716
8.534735904633548,4.136429426234946
7.5911833670451285,2.776567161823469
7.433082227002369,2.247117659921293
7.7790445168870646,1.9389225819401692
7.432759012700935,3.25994002243852
7.825450687485875,4.571993544492878
8.384597269837252,2.4670009444915846
7.787016359926749,1.7607281653861266
7.838930610533259,1.9539754931418076
8.04500224513989,3.740223712324888
8.775561957387055,3.2415745789619006
7.929984771338868,2.794045775782878
7.511105874051686,4.112073758130492
7.117879196474435,3.129678440151377
7.489329372881228,2.452843300635968
8.09448561278675,2.83657442284815
7.542522221730054,1.803797252510908
7.935152890954078,3.2996494059822523
7.704823673434109,2.53684680545992
8.140706200514167,2.350120416960949
7.9895764513275545,2.521654384529943
7.931552369044863,3.0299531615217914
7.784807372704309,2.149981132802497
7.63754266040333,3.6024773363350127
7.66375169258262,3.7137340592199193
7.695560273713691,2.1471071642419948
7.423341557939384,3.6547463050721296
8.527973471879436,2.693006383321759
7.801816257544956,3.0014592317383055
7.6083754521630835,6.86713248902539
8.234994588362104,1.5938839157317093
7.845821804997734,4.371423850568099
8.443612017076255,4.234034536677086
7.488684663351728,5.087683393583258
8.111455240934564,2.749155777984849
7.705308346465657,3.185044566003507
8.033614551987162,2.4644659483945737
7.480543792317877,2.2547150924455512
8.103424961695008,3.380874753642103
8.088201532883561,3.6508107608828566
7.786821276386742,2.5865141458940104
7.9326547736373705,3.3025640785672756
7.934689935618663,2.5710285940696727
8.062271965113421,1.5906563344614693
8.048313204899433,3.9770173464293457
8.140745207098957,1.6012618685582518
7.909080489595842,2.7340571207879565
7.909311466787615,2.152723346025701
7.36646683245051,2.943071937970747
8.210312585033899,4.591359677977343
7.835311372705836,1.941600957238828
8.099304317987645,2.9711259308394062
7.93527598489757,3.116750205900995
7.9920399851794315,2.6548146537552415
7.330856033443299,3.5976872934985806
7.911103112607801,3.0912313298706753
8.13182917421283,3.87074372462761
7.655656520283526,2.007617188092112
7.804766294465741,2.8835415433055887
8.144826620958536,4.053272463302315
7.742482439389281,2.185706526487697
8.360624722750176,2.7475188084324484
7.673751155640631,2.5355743449885795
7.887944880616871,4.22360015374132
8.285746242175843,3.666540319215373
8.728585301747582,3.498039371589647
7.622048804501745,3.782190768147811
7.747817213569498,2.4005802800786906
7.647219779791043,3.0650947987915673
7.776038331541285,2.5114761175530664
7.998619903890166,4.818314100793014
7.265285479530728,5.139939356278089
7.618497080588862,2.7349999615054372
7.728898562751002,2.454676650390474
7.4813903203849215,3.1637830333064763
8.692648000937528,1.8258742223340751
7.402276655692852,3.1241629908538213
8.118021234066932,2.7701404834020735
7.952530295219435,4.885711286511682
8.274800411082564,4.188818233011724
7.934737281030961,1.6552978149416822
9.202138911307555,9.466311103885504
8.251173554248481,3.46660494051604
7.613224343591055,3.4236317177555047
7.388352145018207,2.2287194991024117
7.833322800312502,1.3675701583156292
7.7305588539179295,1.4229021261411487
8.327920849848622,2.6361385521412535
8.153932297293498,3.532132233680477
7.525135134612402,3.132246513733702
7.00566892185987,2.427646140846197
7.954051034326325,3.7013196680591847
8.156586460092361,2.3833683704604662
6.828518693109077,7.063151797785476
7.778690557253829,4.63415601511305
7.511352266797136,9.956170724974537
7.817323743252573,2.2072043316939896
7.5814736521828845,5.916278808036491
7.8255123504743755,3.6225495060080504
7.77486808478951,7.258896537657439
8.474512720025663,4.061976833762198
8.350021551347666,5.814074877842645
7.999918489129804,3.236501666915404
7.94981162932815,2.5148337293034153
6.804491550761193,5.262150134660463
8.189991100016142,4.040904942735781
7.613760271496254,4.347358081441599
7.1209177699245005,5.500809791036682
7.843916504627204,2.8412576580419078
8.308772215015164,2.250280760117247
7.707986615654784,2.204378308430522
7.951199999580387,3.1093332943241685
7.454954542032513,2.632534420482592
7.718013753861897,2.5845003933561155
8.451544997160775,3.1810985426948193
8.31305581203901,4.807442034082837
7.908718422625862,2.4159945493611943
7.790043642508772,2.4270140303217995
7.747447414357257,4.017297323998574
7.725201970996521,3.375444190546221
8.198950767855777,2.916020603922004
8.275041491005526,4.95291785770703
7.3897512504389695,3.0866368716670802
7.702806120322703,2.5631904244940222
7.956904149916968,3.6498195168186474
7.426140252767734,1.6520096884575297
7.805216476249486,2.0153462333078034
8.087262228126674,3.5578327936285454
8.837779729299506,4.230191927869738
7.842446407928098,3.061227872684863
7.374951063573346,3.9929192426131515
7.543245823494559,3.5564734113968237
7.7681713146847535,3.2889274193064355
7.987114489027935,3.439524293541004
7.377222404460081,7.04206746568222
7.780906978382231,2.382256372328908
7.85232847956475,2.7404035987427733
7.10993387328157,3.2710126625175437
7.972080188166084,1.6144584870360272
8.263939470456053,2.192037918699335
7.6957807350203895,3.644694613355018
7.334034169105289,2.175577738774157
8.419104698173644,2.4495325466731668
8.188985713230654,2.341960668031275
8.298570321116122,1.7353706830355466
7.9066643791857905,3.0071713242593394
7.915084978055946,1.9240891768110806
7.327006746183898,2.5351798128739453
7.973377445323644,1.8633910648089151
8.0727372080116009,1.9505144014163651
7.8862124198048384,4.37154643334276
7.650682497353143,2.890658521841143
6.987207948507336,3.5002397485156505
7.896390638745755,2.9049834833971038
7.5512528798380325,2.3878836673520385
8.123194234547489,5.53784200373806
7.659687320975916,2.787186480471579
8.028355000768656,2.2592640024562125
7.589408451859905,4.178052261938408
7.892726013504406,4.6753561056664905
7.455173538144103,4.520325805026147
7.879537851159042,2.6054170608833362
7.874084060642955,2.631502459012535
8.112156553311403,3.4687936789447975
8.453449050841073,3.1600080219111697
8.23803821184887,2.408497748408789
8.198748208471763,3.4224501779740937
7.677008775449044,1.8338129600082234
7.395363584007679,6.31572845732805
8.064614816662472,3.8280708515346107
7.897530649203027,5.017268459297154
8.17251168050566,2.51269788934373
7.899668793665118,2.3973191589685956
7.81569514039719,2.2103182773854417
7.182604615137294,3.222488841244921
8.532135457177091,2.8728158117589015
8.30910933141763,4.085669521452184
7.976543062703211,2.9620603186504497
8.847995442884747,2.878329340589517
7.423756710852059,4.120010052484836
6.940688929473845,7.7997141474287925
8.059447397030073,4.024833616832234
7.545035269005868,1.7841537061773092
8.78190113860306,2.122773889745685
7.857261147656143,3.2103520167370556
7.78733144761804,3.242857844349496
8.037811662933066,3.515429657332856
7.519064524936979,3.7360886769862396
7.614219670221234,3.288179861800331
7.690354313407709,2.0496484944057634
7.947577501271899,2.9294288373350588
7.872644413250498,1.9558865821390785
8.11080486557585,2.6136846304714814
7.95727686103488,3.5011490329116435
8.031464239405622,3.7908924170125915
7.507682322361756,2.7132225626040234
7.822200647697451,2.317461901368375
7.69094119599642,2.222344648424395
8.315130675160974,3.024132355166172
7.949140932145193,4.601121525625267
8.171601804674589,2.463145263046544
8.247888499738778,3.936655440378205
7.751049692733043,3.1030699799796078
7.845358812718255,4.036781544814681
8.098282589065022,5.793957309269169
7.965269888480764,2.900207983862048
8.070498241322841,1.9739970102230948
8.503626255392383,3.854999148129176
7.922686268535129,2.5874119952443704
8.205742585650688,2.924322255999503
8.788628443169491,7.405660545029313
7.333757641219258,2.1351457989540243
7.904938943733996,3.612522011329657
7.865424534204541,2.4509235109829057
8.210951998778848,1.9890177592359979
7.810448329738977,1.8650133165946137
7.936167842049421,1.9467218289408925
7.881245745785933,2.1401956087008895
7.564722060157792,2.5562260200436806
8.484427819284644,4.694161081591228
7.780883731729089,4.414813961007743
7.789919967048249,2.4845950711165457
8.179371986033697,2.077534153314516
7.711423123631376,5.116928424116749
7.365438598096229,2.9547140665896614
7.81042953796609,2.6610742780885266
7.342965808259892,2.2011652824519325
8.401197174708429,3.079239494241644
7.653696870237388,3.7747612759553086
7.727120374842593,1.86506097112713
7.875639248149078,3.2359094330567557
8.09566515053539,1.9674358807109944
7.37671340534653,3.9959423255189876
7.605355552097459,3.4462011190208837
7.696973364160908,1.7657854626394531
7.7696646009399934,2.115269367777129
8.155878545298226,2.782251817561227
8.181680233896351,4.368364031089047
7.7845411994376805,2.278466909362058
7.527861590579571,3.0243521588964253
8.678078302100664,5.417812851885065
8.072324082794909,2.9682772790907026
7.451763065316682,3.8099089838750846
7.365063832409376,3.7902877181505503
8.559485202665158,2.325062725000994
7.9468796389205165,3.790423991342607
7.801404636118877,3.370741070801498
7.262283638219385,3.080238766986974
8.333795927823513,3.2440041484729116
7.803760753472068,2.940734099798548
7.515001687675627,2.48667550825731
7.795101880913426,2.618770567266628
7.736932717020942,1.855328439015117
8.139102617013483,4.961777953797003
8.138396751879364,3.75286701837482
8.888960560504028,3.7234363900709337
7.422870175693992,4.710073776301037
7.852002862334185,4.864425917791821
8.025606798147429,2.6879474380390875
8.469993198495043,4.307744750403847
7.659800821163287,1.5027937872798864
8.23922032099702,2.994235446964273
7.680914953901411,3.4434286583490348
7.916522595661437,2.4454161390695868
7.500137267085349,2.282722890140396
7.958325571988292,2.6713545212926446
7.87756338932076,2.936184144289772
8.36653256908522,3.8619929306629515
7.613566949994263,1.8503845258119818
9.088518960551102,2.7054033325435456
7.903881645439662,1.761245618043491
7.634757940191851,2.464896219278976
6.9174471606339525,6.730828593424771
7.153594838863219,4.51904782900857
8.22021203452967,2.8543650607515167
8.082233009673736,3.6454821078709703
7.785726501071433,1.8335964584104822
8.028000055039193,5.1434651161487
7.360709906830884,1.9455507603905864
7.851832452872688,5.093310603903702
7.629368377759715,2.2738515001891404
7.935284186815609,4.018208589774361
8.190327003290822,4.5496422475260285
7.56249678635269,3.560576351386848
7.852782421248679,3.5210860699363598
8.073672754270616,2.380523112892588
7.395742908783471,5.876884309463018
7.798796301595546,1.6671393058025636
8.055892050098631,3.340899196841652
6.978782930335295,7.538882182512831
7.887719231368947,2.4595899046141976
7.6047492439602085,2.774657132610692
7.832516513969494,2.3249158990069896
7.345877161335071,3.4822628035770995
8.035345451927796,1.5560240159302579
7.465244134824533,2.431900104224632
7.995394729565535,2.7687041471096605
7.6934576429493555,3.1299590109536792
8.031539504746771,2.7862038578176542
8.519741406584922,3.743886048361713
8.217964972127762,4.0198894046852836
8.100313200367316,1.6756442069048898
7.651310193755577,4.203362969209459
8.137087802175046,1.6863003016767473
7.6175666610582295,5.097871950458262
8.650791270195365,3.5618009504500274
7.766648357655994,1.7654473119895933
8.012807937849086,2.3670337118135754
7.989898815107169,2.840761162756463
8.265958609870491,1.3576412933136481
8.220726984577222,3.5361488563470163
7.616014990198681,2.131043994278793
7.681650359357785,4.763817316364954
7.580170068919175,2.6570623464035803
7.8576024888676415,3.210253506832782
6.749510883787308,2.601658723421555
7.632568151179755,2.2946323221868146
8.015259819141711,3.3769604806931905
8.57507112897015,2.9621732151672924
6.878216392405277,4.272530697334125
7.447637744679144,2.3759035058026963
8.131389214117554,2.5750539168849373
8.63546171315118,5.556108912240122
7.8799588031801155,6.906720361096714
7.367387503104068,4.925951235961175
7.0352166869817285,2.072268023528542
8.881567195997532,3.109017215813221
8.040782159834501,3.1576802570455302
7.570121148447603,2.2593886084928805
7.305911839285881,2.0097743769095415
7.2195533631589335,2.6317904026321575
7.41653183203247,1.7670869657596535
7.711813582350319,1.605245764517695
7.708725373416953,2.3902279321109576
8.50744415092943,1.9719808951700222
7.83554759410466,3.1368449741966615
7.75254780014763,1.9542134650554193
7.7563760323012545,1.8908752333991237
7.502940863750897,2.540736096499813
7.953178164978728,2.4623482498921594
8.213566790005626,2.5448673090635014
8.23019773701195,3.804430412122998
7.654132560528615,2.212541353445028
8.729363573083626,2.3526177514451483
8.120566786351025,3.5979649015534347
8.192809281154434,2.2281562973703695
7.908655357554251,2.928324269734736
8.144039888955103,2.810588224990324
7.099711172570214,1.841002921588856
7.726854375229764,3.224729512180032
8.92309092043677,3.8305699953403174
7.7817255622689725,3.166198481658399
8.276772163956219,2.581911709483632
7.764023421160095,3.483037031051542
8.089767087136275,2.32970550864494
7.603238655842512,3.4273319377088187
7.460423064203165,4.771500560974739
7.918886263103953,2.7389026754336574
8.53304961876438,4.937042737532249
8.103151440527727,3.364168544829979
8.376872692313896,5.957248801343419
7.849693507025795,1.9204875886763644
7.865631387237508,3.440542313738063
7.085757214480159,4.30268564467624
8.181425939403587,4.016424623978371
8.167449071801165,1.571344042249385
8.165354814436116,7.939081490178717
8.21088393594803,3.896585225803091
7.848826313291816,2.411559323448422
7.557493433089405,2.6578107804440254
8.215534310370082,2.5643096450309315
7.737040193263251,3.1894073825659808
7.94574976659982,1.969520981174507
7.376949011804485,1.8688590638541889
7.938668742039695,3.7717949731980203
8.867431163039166,4.584312031271243
8.118350566710266,2.3384840958941164
8.271342776577812,3.10936250817037
7.404863533704164,5.715996086986844
7.878746204290461,3.5531247617514117
8.2597838927251,1.9405801877420794
7.590184832406284,2.366865379086992
8.951741752016638,4.467877891260395
7.9893227328692245,2.6202492090569995
7.606312544492657,4.41159133355221
7.783373822912818,2.7679559205306887
8.238128780234726,4.423258776461861
6.72770937244103,7.748997031149196
7.134893589772649,3.681360502954333
8.347043376034101,3.521327228672527
7.5861395651310435,3.6607013119033445
7.921309213346908,3.226116946492334
8.375264080051284,5.402756743631536
7.672958808128831,3.431556776209749
8.114616655392094,3.7881717359840485
8.291159505159136,3.246849100877307
8.669421127783242,1.2768198523338654
7.801659349370188,2.4183024753125206
7.872264241049951,3.8314714267619525
7.77721692754579,2.453535282232091
8.050439389956294,2.8105431331339665
8.593303273212449,3.878391647559016
8.287475911533365,4.038321416424133
8.448196067573184,2.803461028063529
8.383020174219942,3.4399011451190784
8.13518382975182,2.768828666906108
7.817766774169695,2.2901199236487795
8.181168808677699,3.8563982054645116
8.267613350918378,2.383670215784032
7.832931445480639,7.290526474794482
8.352381680778736,2.8042140418865915
7.592971420934561,3.450449538787199
7.312481350332628,2.1279205038333737
8.288332190335407,4.423212784987789
7.539765336516891,3.1725194531281633
7.79615401749545,3.4720140160843673
8.321896302821418,3.4103647295151442
8.43185611175618,2.303119584433353
7.937914721725107,2.5355256380512325
7.376598950007105,3.596193098667473
7.537745427915208,2.136461149066267
7.722218898993426,2.7553856394533525
8.098835942375707,1.8300500625778255
8.05215178446999,3.1792556066197775
7.605380325265497,4.780466753493968
7.8046007480408335,2.5572337419391284
8.317236238965636,3.604170557850916
8.040609762555873,5.171657297375763
8.597814811884883,2.859172281451606
7.977252538138927,5.31873905762282
8.17373631468674,5.9766414550449545
8.247249672814956,2.194517301982528
8.006440849651444,2.6395008726931186
7.512576610858511,2.3275017892116416
7.846796208588643,4.181059897940582
7.275433180759858,2.9067390741349213
7.808650752703453,1.9056034862097253
7.665901632934166,3.762175718841938
8.025665572821273,2.591821070233354
7.789556332568537,3.027372665061823
7.859810265917519,3.4121250019504314
8.267728030034466,3.779520757434864
7.9996636477623655,2.1773153223935484
7.738304033218209,2.366265076360305
7.81987624778592,3.8159405799197645
8.155048326622785,3.0482854033545053
7.223703790561186,2.420731262307903
8.121435723372437,2.3854359263877254
8.021821281577266,1.983368534519485
7.756855614226595,2.7977899922983496
8.41690065676208,4.635610924540998
7.29122262048882,2.693174199081484
7.771786198757981,4.180390724285345
7.303534219530428,3.8686528046642827
7.96840403188486,1.7653432834793794
8.336835242522389,2.5135264580816123
7.367392543601749,3.1321521646929487
8.205452976833692,4.031417239123165
8.162496097776897,3.1163890113312505
8.376256516068382,3.5854143248032346
7.100743063531104,2.3470306298524197
8.108243360940238,3.987792295217517
8.452674399733286,5.000062386054808
7.905303294876533,4.076429154488115
8.141702172739018,4.022291480237279
8.231771374897296,3.5531185685308064
7.528961427732146,6.61162821262354
7.796205270792804,2.522463554812684
8.00661270902504,4.454101189055607
7.566426910884224,2.4924361967447424
7.623595029706822,3.5318270016102424
7.640116217499961,4.358644123935662
7.707846644520836,2.7447434500583414
8.227797180989922,2.4484728265432345
8.236316400039433,2.197404093549853
8.918200671309453,3.143621563794473
8.394132624098932,2.892292834727424
7.725786600288857,3.8413094661179588
7.40718905926785,3.1338631542403648
8.601122500649572,4.397353244479786
7.564118319436259,1.4172605676113152
8.187533401735951,2.5050355738563397
7.795178089861469,8.918846363839446
7.22931779646033,2.7658075386004453
8.046073116808838,1.7307353261568084
7.477457168642226,3.181119291897473
7.989418306106122,1.9025521800480185
8.591815996435546,2.000486811474314
8.422206270846056,2.7295059774136443
7.97780642801254,1.6936310326584818
8.1339149926313,2.7563005625742116
8.109650635418157,1.414936069863977
7.9507237191351106,2.50715793416161
8.13439357269324,2.174817105070967
8.230070472078491,4.155973087661706
7.811488648598099,2.323651270653624
8.160628280106028,3.9393465074095886
8.102467408812393,2.3177678155366697
7.851391552246616,2.7387813233393827
8.12783328025191,3.997513931130274
8.38790558939236,3.1634144131975748
7.717367295464953,3.5924114621444194
8.114639209666567,3.704525901589056
8.158478277072723,1.892760394956815
7.687524475097954,2.7899693072777407
7.982312568911921,3.079655243535583
8.975885531326895,6.672154427525398
7.710015578765631,5.211030306940904
8.397988508258395,2.9626427733552685
7.374949962611478,2.764033846119347
7.853884301858944,2.9550678657455216
8.182366507276237,4.627371429062335
7.6382774053286315,6.122044428447947
7.6037079390379105,4.4810563149677485
8.163581153588863,2.644267119079043
7.594097779789543,2.977789775733332
8.206236957873926,2.6762269767820897
7.513014970859275,2.583269321418228
7.832253155118264,6.674960625140171
7.754693091581488,4.3122400857607275
8.567131226118564,5.281396097417393
7.8387716569371175,3.118794844737487
7.7430755329539895,2.8346173078292094
7.896201138953377,3.015008505039663
8.183611418524594,2.902423080727093
8.162625261141883,2.3783028690161117
7.830258864791535,3.7981276596972506
7.712846856920781,2.1595754062614247
7.480697864812288,2.574398812334779
8.150522961958025,1.9101518321211042
8.6335012541731615,7.479405479923933
7.914266866597046,4.665142833626663
8.368840835007857,4.201952722900935
8.327459643893928,3.9961638310970957
8.218760995360224,2.2464439697073444
7.451220272696706,3.179375712887141
7.508830607889388,2.115213438699535
8.05190819778777,5.272349891421673
8.844909375327198,6.734646463452206
8.399850161764421,3.28588794483057
7.752495778250263,1.9780580494537847
7.979680903713332,1.72390483105353
8.160021255910651,3.993722977289659
7.895416093206534,2.647467632101466
7.135800570892215,4.38806621591649
8.228256232928146,2.6704185845109056
7.7859844475463635,2.517935542368507
7.947981594352299,2.2539700417740205
8.084624675097942,1.7031496712299299
7.838191730844534,2.2014188736710727
7.824687818439313,2.0957689594418785
7.2600143497374034,3.387729122001089
7.967716162213633,5.118929599972079
7.332966906461393,3.8441180133117157
8.152904199473436,3.207772997127876
7.5027931163795545,5.13371423221028
7.577530736294192,3.098473189322675
8.330151948316523,4.1790999343809325
8.282865554277269,5.341334628643925
7.64765635826055,1.9174049350878652
7.591656884994744,2.909478949966532
7.779425165850001,4.643605221192281
7.433271283507505,4.396308657677844
8.501544685802738,2.9334772844192267
8.298885902709406,3.6790834770950966
8.19074758470201,5.353430504672138
8.423408436040244,2.8411651247456833
7.9117530831367056,3.9362943667869175
7.551047860286733,2.974886875637788
8.014506277061482,3.733099804513253
7.811059285161546,3.260128176804344
8.001287294183166,2.3567915126789725
7.967044616505381,2.3683705094119443
7.809147064213193,3.897486086959199
7.416524075991333,2.946946933350887
7.956197820260188,3.754167444422422
7.967260835641895,4.188555025341598
8.377860208103158,4.606777017814692
8.79932571404414,4.534977215322359
7.844428837534917,2.622042199779486
7.96111381427607,3.5946678058302606
8.07087840518045,2.742135129607
8.265686781575974,2.534297436020265
7.854398585499196,1.9919315602581034
7.332640982904156,3.5786543293010133
7.782168688410877,3.6510465974282824
7.358915536015424,2.7849758403165685
8.156547541978822,2.957370187997027
8.178056870238878,2.892223604003041
8.490731078707253,2.2940508505069825
8.223132071840327,2.6187566915830383
8.431577425182383,3.637946958850081
7.629734897217421,6.133265809104401
8.020463427032437,2.238646089191812
8.345886622703855,2.751191921678253
7.81285637619664,5.285970737413105
7.819786314667883,3.0603926906931087
7.85057334756894,3.540433280097803
8.225595140597736,3.0617403153135263
8.141457046161978,2.7312913400726186
8.166762254929266,2.581622247692575
7.78091008514441,1.6637342972885731
8.061912690856829,2.301062299013403
7.518268303217289,3.0400188799136636
8.63961921041219,4.496608841610827
8.241538196478974,3.323383368870886
7.342490395508453,2.271670916477064
8.187385848254866,3.062770720591212
7.9495166659637695,4.508960474980659
8.045405857980839,3.338498217274421
7.320574982628137,3.4428638413150616
7.981100242934027,3.991452631640501
7.7889539880829055,2.245962246016197
8.14840627470533,2.3896217217952627
8.354272761338871,3.3960941098376534
7.322915004717629,3.7261884473056326
8.227275999896815,3.341878986510682
7.844206464548949,1.3702548273760875
7.5563059480458294,2.4044763147967196
8.276628004700084,3.070533340930796
8.136794620229134,3.604818207722312
7.353417292904782,4.302666533479768
7.644201638501252,4.291520435327444
7.8403757315537295,3.19393837187071
7.799939274575032,4.5013946156995
7.655510064292738,4.422937622693517
7.868899729872377,3.048719867542822
7.529163823976067,2.3652438186281866
8.075066397774135,4.653564738294216
7.8569345479846255,3.065373490033512
7.443232175402161,4.130880554999373
8.175114535652337,1.9413485665396109
7.7046813943189925,4.704918964137401
8.06297624326563,4.279432461788564
7.589034211024986,3.0263400373506353
7.689020796876255,5.186508416081206
7.602508028290686,6.466977186258606
7.669962231069465,1.859700636381421
7.479100381138971,2.0116884456631663
8.023349297754129,2.905789244686528
8.417507698565352,3.4486143271708345
7.436966406760236,2.6169985246810925
7.731568005192599,2.2345132712278306
7.835060781920882,2.3127755372555416
7.887982691802244,4.129324674491654
7.610604250342475,1.4843949430951409
8.017062360829097,5.264770947268492
7.793454948169328,3.670810680824094
8.203963738912684,2.461237100871229
7.600082892097708,2.769280732073596
7.9403158314805395,4.089858800802571
7.931870431860561,2.677338136089402
7.711439276967866,2.7049172540722095
7.981782258949528,2.0961319356083843
7.854271564482766,3.435750289992296
8.488233922119958,3.5115804886214286
8.334451453590386,3.291814098974211
7.565257807198014,3.8365600904179176
7.694074902623758,3.5685607149025933
8.304389956896316,4.513267740825432
7.949083888837955,2.790124673704875
8.181453900069316,3.3870241230299136
7.744429246007776,1.8400047676030742
8.14406311386077,4.0807685592964456
8.192233193873586,3.9004617353523576
7.876445802121845,2.8611812208659844
8.256897629104872,2.413943214860743
8.703018733178174,4.529567590555133
8.444799839183023,6.084176843917588
7.691488835368844,1.8904932916108534
8.711247348370351,3.745752955033434
7.781566691881043,10.042502246138982
7.780842886445955,2.4791319468840913
7.461766203421139,2.5027335540319777
8.190864346532695,2.3361595376250124
7.782194627619816,8.291963385122592
7.870417191834081,3.446542782018012
7.982083302467486,2.1606047662083285
8.19655176523764,2.5729382985371543
8.146013398705488,3.924927309026259
8.125576181988812,3.729569401616209
7.85537880042051,3.6326821124863393
7.973153995555579,2.105032723412251
7.826820520001681,2.3804377975757505
8.52160065386795,2.7569759401186738
8.100592064744406,2.5067612643209243
7.306527531654113,3.76950349574453
8.147148747471448,1.6476068718693635
8.126688106807052,4.293389381228754
7.468590140206692,2.819014706665785
7.3200245035022276,3.319766605269072
7.463779439820926,3.321852125504854
8.061120739486023,2.4302604119597304
8.203693027036287,4.02009563715004
7.412205698965704,1.883967821456348
7.497112049889938,1.9928383793857345
7.761783921935201,4.2923230220345765
8.582022533483805,3.7766307453527674
8.417328847309713,6.885902880317722
8.195876829936195,3.6621491781641735
8.13348796523316,3.259226870571444
7.842781864069545,2.42371841035869
8.94102584740567,4.289699141369398
7.121602479161068,3.213449848099996
8.514925444124852,3.151619054639259
7.953283855825821,3.081074376448175
7.9815825485162435,2.578177198649284
7.286717795625106,3.6832907140022004
8.341605422156242,3.1614801592564192
8.03635401284021,1.660691157336636
8.478278714134806,2.13306577229736
7.341443932656182,2.5818067332128716
7.764436319760319,2.648415269114559
8.475807480933891,1.962821143455642
7.674691534386692,2.8126490217284106
8.012283928970584,3.0125838298442607
7.756331580402367,2.7241827909821827
7.622799027303096,2.028965374480872
7.501446124658387,4.610487611792832
7.732277064777823,3.6186389856216827
8.690183852067518,3.2508050641389836
8.021521566211774,2.129467625830649
7.929760757943546,2.633519984745231
7.021506461477101,2.4900074714612104
7.711877809343456,2.343769978154593
8.043883933210896,4.12329092317631
8.130561403420419,3.5897879490395335
8.556932283490928,3.964590055885525
8.209310829478255,3.079780524799539
7.343752120577974,2.343253582199751
7.893116333166818,5.148674162884769
7.9522765519906295,1.9488910119934584
8.369923910740424,2.798658644542835
8.085393666945802,3.694641876578656
7.530866058875152,2.909380187460888
7.969302825742017,3.2132092985721656
7.8263284321546855,3.152290831641619
7.342999569595963,3.6050750273756678
8.030941564453654,2.716823272057652
8.47114702790025,2.2796294443376173
8.567670380495148,4.34109888087358
7.418233408418528,3.4493042948424795
7.952989978117051,2.8523843352168012
7.659077754636808,3.0056878306913393
7.33059973569437,3.014489955549918
7.7754693702273645,2.9584998653917083
8.367128557735253,3.2492507252458998
7.15154996411501,3.7215558365400887
7.386280438724766,2.8695601769134416
7.841166184573641,3.3849912799893263
8.108006379400793,4.119638963648797
8.46207594943758,3.0383776580119632
7.718780090744097,1.8481526843579448
8.262602581211357,3.838908829813988
8.454355047001734,3.762232185889513
8.132335923394391,1.710759901067292
8.055140035131966,2.832293066748065
8.001874901411345,2.8050907401822394
8.31999577466341,8.404866186599834
8.483177860422906,4.640986011726769
7.373919264380711,4.930096274122728
7.545197676803962,1.6582697279883043
8.45936100708227,3.128275537507441
8.422184157316234,4.499391393358728
7.464833322946817,4.2644872878670554
8.731165821801524,6.452695982080599
8.337580473556278,4.335192904490572
7.978851594674208,3.3733200540335067
8.154665090516277,3.7486008950407523
8.003353414419234,2.4228053732727353
7.785479569780456,3.889069794025278
7.916801365623001,1.7271098729402057
8.304810428407157,3.2991089801663263
7.955988745417289,2.51909436183965
8.369858503032019,5.400419035426926
8.233831772595742,3.4240630927509077
7.910461858816975,2.8594703219779256
7.94927513533877,3.1206785024860935
7.589804491898962,2.6426565209557857
7.511813782978004,3.1246633826201444
7.613462768697973,2.8065856830617637
7.868841184645423,3.1401276504708395
7.7028542921593655,2.6524610832171462
7.90732837525874,4.351150160943738
7.973515455376642,3.4301778453860465
7.530007159972157,4.254873036504972
7.343435345044056,1.9881532914796711
7.249241667240278,5.253347678068652
8.093125756525565,1.966260023374429
8.130851290522614,3.9938858900733076
7.706451454844935,3.3128604971502664
7.852757346218009,3.3637810483687876
8.193007941724666,2.9481953921074733
8.138805697721509,4.108927636193637
7.431917420795324,3.2358952295405126
7.888323977152094,3.685236291914747
8.278303994698652,1.823256189074109
7.676493229587811,2.348002151240482
8.184045779236206,2.188331883698457
7.365376729982055,5.232308393373814
7.850258199689434,4.092977396386372
7.821319150942386,2.188893177676911
7.5351351669138404,3.780783694102371
7.433983003715791,3.964784581140177
7.236248847455347,1.7767057757712201
7.970894730360717,2.16208451949496
8.159820292942898,2.5915650965566512
8.164787743465848,3.9615668322946407
8.363906084889084,2.640209584001626
7.62283887774879,1.8155730334434872
8.0003272980057,5.590505079888383
7.664193472962351,2.2897085951272866
8.152193752032343,1.9518728465535844
7.672784779889754,2.3874725270090558
7.763117076999915,5.651542835755265
7.7100654185969875,2.0981931093885087
7.710725413394046,2.9160182964252863
8.342574192028204,6.3113327181063745
7.758300293489869,3.8914652915273114
8.258566338429315,3.4498346860588027
7.859671247413832,2.7157841398844065
8.197858961967967,2.890767518613466
7.815707221566547,2.139963711312387
8.079674183516053,2.093268851056717
8.427151696220871,5.908839345217342
8.013184614615401,2.6552038047638993
7.852445029216043,2.8621032840511473
8.088352239273714,3.761719386432689
7.554814572425256,2.3273524881325285
7.716170965874985,2.197146909552456
8.771680017151073,4.52855080646499
7.899510936589322,2.7402508545786044
7.340308878260694,2.4412957242937323
8.037178436319836,3.201819872471056
7.974091483143577,2.9967912027188053
8.11582391062718,4.513278588662741
8.561340708876191,4.910377993409455
7.749175112099578,2.0868630981487017
8.75440396489378,3.482407245469595
8.413964355748464,2.1286409986785344
8.114957753533462,1.8796223316477276
7.7278958492537795,6.297613360407516
7.167491022616697,3.9396789840361603
8.30585859954592,4.588493807726941
8.172304157664957,2.299949689454013
8.356757514974412,3.8115027354723527
8.260016983016513,3.776627126885124
8.008249201477103,2.10240412932806
7.964662145582786,2.549500530061484
7.773879581749139,3.230646757213528
7.3311956900827395,2.1966167848890477
7.777940114732816,2.2294587238444312
7.526440518241508,1.9991463549855344
7.687067007112044,2.041269128797996
7.941926506884566,2.4081928763310803
7.693286528366742,1.7712012722388448
8.002571828976107,2.841746101490469
7.6315023881965836,2.0131286275389733
7.61638566482363,3.5325352152347382
8.30870432833573,2.5006789800413465
7.752675640674984,2.4572388772698086
7.242819067918365,3.7868947356101486
8.112600158910919,2.5222469801909133
7.788799190518807,1.807796879657392
8.015760739738298,3.4428484215995847
7.8095824268073795,2.111840074442418
7.2202384365501615,2.1600532992286205
7.676807972718836,3.401601060339638
7.175287013348961,5.0244797384144455
8.002238895454765,4.721658901184071
7.539790841452666,3.5173998475098815
7.496676830587197,3.4930320007713886
7.194774739648726,3.3372720673003973
7.54780392294154,2.644877901561897
7.92003325055924,2.1893516307290746
8.47453624432168,3.2775999027509077
7.884406338328526,2.4335871388355756
7.884448964812602,2.7286831907908105
7.6851701765330604,6.281056554089945
7.08961891844752,4.573845337181817
7.853615641196518,2.5512002698111282
8.178276252662982,3.98530728067231
8.00716821600907,4.43401884871336
7.858512200795349,5.057288057171467
7.250552812913916,2.73833617231293
8.17591899584523,3.8670825184789037
7.780208953370983,2.35541717809552
7.159045417956473,2.344909061813964
7.926279636749098,2.4434344097609038
7.798458200673102,2.574814376176886
7.918208454660295,2.8351041892733058
7.186495573979146,2.556535871261224
7.7457664900305625,2.461314874219664
7.824068926956429,5.191781806518983
8.073436048095857,3.2097081707428257
8.18074030702352,4.214643090768931
8.511605587647944,2.588917464464749
7.752044824011208,3.0767828078472546
7.852342507245149,2.9075025708756375
8.156298118639507,3.8470692588495603
8.008749393872604,4.393538912911348
7.668466467175732,3.3800114431630393
7.894915202472991,2.2018503241596172
7.857896198334938,2.5717555156316685
8.136776309433369,2.437221970163147
8.098802179914005,2.0378658600924493
7.426303017597566,4.197144440700432
7.5768239531884545,1.8566499606287854
8.086105440749824,2.579476300744965
8.117626231980486,4.177807119460447
7.5588300272884075,3.1801856711075827
8.159738351501503,3.9657002469158775
7.998410240409684,2.905938682714127
8.53013166627869,4.571453377057201
7.404437731025107,6.292264645887728
7.87267087198826,2.087397196881037
7.465981262868953,1.8248163890944502
7.898944486890614,1.4642095927082301
8.258371617759831,2.5747810677992717
8.159433102946402,2.755777659593788
8.67277970022812,4.287954694050588
7.976416228179253,3.9459285608959545
7.723008452238522,4.043409068880409
7.856760451233126,3.346667618539248
8.549271093550091,3.1863911314379267
7.2207247014522515,4.3252916661510765
7.861687959018953,2.2512046219934208
8.136889934119473,3.862956835855607
8.469109353056735,3.051592537834849
8.584233242602869,3.8059491692582474
8.983261145969488,4.257390374397895
7.271348492398809,3.6470222646489137
7.97786000542131,3.1225014214914526
8.21468174546578,3.6871260336036835
7.7814907219194325,2.941869314695299
7.815467800460458,2.995664276919151
7.8984029414842425,2.0359670348580297
8.148676947093719,3.2454642747872784
8.131059064068772,3.83325333456141
7.574220176641228,2.9473523883681496
7.778426014811895,5.973261187061044
7.844625046638065,2.6968049838566373
7.9230328839762185,2.67913509956234
8.315023504928568,4.702005778248967
7.899723305513011,4.47403428751665
8.691874560987145,3.3702261465883914
7.650637315055222,2.274797019564378
7.455990312559141,2.533551610677061
7.978829289377066,2.453262132713559
7.813641083317325,2.5907181462774282
7.617596978477247,2.3368850173032936
8.016056284134045,3.5690796298811454
7.600622038507582,2.054734002470882
7.901530673079347,4.387674575413409
8.146158716172316,2.031921022949263
7.7836212274964245,3.5868950986601504
8.343328698268582,5.498912886896654
8.153567110368908,3.1112272443300277
8.13906357940347,4.260141167482448
7.9103405346245195,3.1851532916306358
7.682915118558513,3.089746847342599
8.07057381524988,3.001692004350962
7.622264178744599,2.7129300920387562
8.022382193833119,2.5808030422961705
7.057764239112728,2.7531512338753084
